Fecha,Equipo1,Score,Equipo2,Resultado,Goles_equipo1,Goles_equipo2,Diferencia_goles
2022-05-20,Real Madrid,0 - 0,Real Betis,Empató,0,0,0
2022-05-15,Cádiz,1 - 1,Real Madrid,Empató,1,1,0
2022-05-12,Real Madrid,6 - 0,Levante,Ganó,6,0,6
2022-05-08,Atlético,1 - 0,Real Madrid,Perdió,1,0,1
2022-04-30,Real Madrid,4 - 0,Espanyol,Ganó,4,0,4
2022-04-20,Osasuna,1 - 3,Real Madrid,Ganó,1,3,2
2022-04-17,Sevilla,2 - 3,Real Madrid,Ganó,2,3,1
2022-04-09,Real Madrid,2 - 0,Getafe,Ganó,2,0,2
2022-04-02,Celta,1 - 2,Real Madrid,Ganó,1,2,1
2022-03-20,Real Madrid,0 - 4,Barcelona,Perdió,0,4,4
2022-03-14,Mallorca,0 - 3,Real Madrid,Ganó,0,3,3
2022-03-05,Real Madrid,4 - 1,R. Sociedad,Ganó,4,1,3
2022-02-26,Rayo Vallecano,0 - 1,Real Madrid,Ganó,0,1,1
2022-02-19,Real Madrid,3 - 0,Deportivo Alavés,Ganó,3,0,3
2022-02-12,Villarreal,0 - 0,Real Madrid,Empató,0,0,0
2022-02-06,Real Madrid,1 - 0,Granada,Ganó,1,0,1
2022-01-23,Real Madrid,2 - 2,Elche,Empató,2,2,0
2022-01-08,Real Madrid,4 - 1,Valencia,Ganó,4,1,3
2022-01-02,Getafe,1 - 0,Real Madrid,Perdió,1,0,1
2021-12-22,Athletic,1 - 2,Real Madrid,Ganó,1,2,1
2021-12-19,Real Madrid,0 - 0,Cádiz,Empató,0,0,0
2021-12-12,Real Madrid,2 - 0,Atlético,Ganó,2,0,2
2021-12-04,R. Sociedad,0 - 2,Real Madrid,Ganó,0,2,2
2021-12-01,Real Madrid,1 - 0,Athletic,Ganó,1,0,1
2021-11-28,Real Madrid,2 - 1,Sevilla,Ganó,2,1,1
2021-11-21,Granada,1 - 4,Real Madrid,Ganó,1,4,3
2021-11-06,Real Madrid,2 - 1,Rayo Vallecano,Ganó,2,1,1
2021-10-30,Elche,1 - 2,Real Madrid,Ganó,1,2,1
2021-10-27,Real Madrid,0 - 0,Osasuna,Empató,0,0,0
2021-10-24,Barcelona,1 - 2,Real Madrid,Ganó,1,2,1
2021-10-03,Espanyol,2 - 1,Real Madrid,Perdió,2,1,1
2021-09-25,Real Madrid,0 - 0,Villarreal,Empató,0,0,0
2021-09-22,Real Madrid,6 - 1,Mallorca,Ganó,6,1,5
2021-09-19,Valencia,1 - 2,Real Madrid,Ganó,1,2,1
2021-09-12,Real Madrid,5 - 2,Celta,Ganó,5,2,3
2021-08-28,Real Betis,0 - 1,Real Madrid,Ganó,0,1,1
2021-08-22,Levante,3 - 3,Real Madrid,Empató,3,3,0
2021-08-14,Deportivo Alavés,1 - 4,Real Madrid,Ganó,1,4,3
2021-05-22,Real Madrid,2 - 1,Villarreal,Ganó,2,1,1
2021-05-16,Athletic,0 - 1,Real Madrid,Ganó,0,1,1
2021-05-13,Granada,1 - 4,Real Madrid,Ganó,1,4,3
2021-05-09,Real Madrid,2 - 2,Sevilla,Empató,2,2,0
2021-05-01,Real Madrid,2 - 0,Osasuna,Ganó,2,0,2
2021-04-24,Real Madrid,0 - 0,Real Betis,Empató,0,0,0
2021-04-21,Cádiz,0 - 3,Real Madrid,Ganó,0,3,3
2021-04-18,Getafe,0 - 0,Real Madrid,Empató,0,0,0
2021-04-10,Real Madrid,2 - 1,Barcelona,Ganó,2,1,1
2021-04-03,Real Madrid,2 - 0,Eibar,Ganó,2,0,2
2021-03-20,Celta,1 - 3,Real Madrid,Ganó,1,3,2
2021-03-13,Real Madrid,2 - 1,Elche,Ganó,2,1,1
2021-03-07,Atlético,1 - 1,Real Madrid,Empató,1,1,0
2021-03-01,Real Madrid,1 - 1,R. Sociedad,Empató,1,1,0
2021-02-20,Real Valladolid,0 - 1,Real Madrid,Ganó,0,1,1
2021-02-14,Real Madrid,2 - 0,Valencia,Ganó,2,0,2
2021-02-09,Real Madrid,2 - 0,Getafe,Ganó,2,0,2
2021-02-06,Huesca,1 - 2,Real Madrid,Ganó,1,2,1
2021-01-30,Real Madrid,1 - 2,Levante,Perdió,1,2,1
2021-01-23,Deportivo Alavés,1 - 4,Real Madrid,Ganó,1,4,3
2021-01-09,Osasuna,0 - 0,Real Madrid,Empató,0,0,0
2021-01-02,Real Madrid,2 - 0,Celta,Ganó,2,0,2
2020-12-30,Elche,1 - 1,Real Madrid,Empató,1,1,0
2020-12-23,Real Madrid,2 - 0,Granada,Ganó,2,0,2
2020-12-20,Eibar,1 - 3,Real Madrid,Ganó,1,3,2
2020-12-15,Real Madrid,3 - 1,Athletic,Ganó,3,1,2
2020-12-12,Real Madrid,2 - 0,Atlético,Ganó,2,0,2
2020-12-05,Sevilla,0 - 1,Real Madrid,Ganó,0,1,1
2020-11-28,Real Madrid,1 - 2,Deportivo Alavés,Perdió,1,2,1
2020-11-21,Villarreal,1 - 1,Real Madrid,Empató,1,1,0
2020-11-08,Valencia,4 - 1,Real Madrid,Perdió,4,1,3
2020-10-31,Real Madrid,4 - 1,Huesca,Ganó,4,1,3
2020-10-24,Barcelona,1 - 3,Real Madrid,Ganó,1,3,2
2020-10-17,Real Madrid,0 - 1,Cádiz,Perdió,0,1,1
2020-10-04,Levante,0 - 2,Real Madrid,Ganó,0,2,2
2020-09-30,Real Madrid,1 - 0,Real Valladolid,Ganó,1,0,1
2020-09-26,Real Betis,2 - 3,Real Madrid,Ganó,2,3,1
2020-09-20,R. Sociedad,0 - 0,Real Madrid,Empató,0,0,0
2020-07-19,Leganés,2 - 2,Real Madrid,Empató,2,2,0
2020-07-16,Real Madrid,2 - 1,Villarreal,Ganó,2,1,1
2020-07-13,Granada,1 - 2,Real Madrid,Ganó,1,2,1
2020-07-10,Real Madrid,2 - 0,Deportivo Alavés,Ganó,2,0,2
2020-07-05,Athletic,0 - 1,Real Madrid,Ganó,0,1,1
2020-07-02,Real Madrid,1 - 0,Getafe,Ganó,1,0,1
2020-06-28,Espanyol,0 - 1,Real Madrid,Ganó,0,1,1
2020-06-24,Real Madrid,2 - 0,Mallorca,Ganó,2,0,2
2020-06-21,R. Sociedad,1 - 2,Real Madrid,Ganó,1,2,1
2020-06-18,Real Madrid,3 - 0,Valencia,Ganó,3,0,3
2020-06-14,Real Madrid,3 - 1,Eibar,Ganó,3,1,2
2020-03-08,Real Betis,2 - 1,Real Madrid,Perdió,2,1,1
2020-03-01,Real Madrid,2 - 0,Barcelona,Ganó,2,0,2
2020-02-22,Levante,1 - 0,Real Madrid,Perdió,1,0,1
2020-02-16,Real Madrid,2 - 2,Celta,Empató,2,2,0
2020-02-09,Osasuna,1 - 4,Real Madrid,Ganó,1,4,3
2020-02-01,Real Madrid,1 - 0,Atlético,Ganó,1,0,1
2020-01-26,Real Valladolid,0 - 1,Real Madrid,Ganó,0,1,1
2020-01-18,Real Madrid,2 - 1,Sevilla,Ganó,2,1,1
2020-01-04,Getafe,0 - 3,Real Madrid,Ganó,0,3,3
2019-12-22,Real Madrid,0 - 0,Athletic,Empató,0,0,0
2019-12-18,Barcelona,0 - 0,Real Madrid,Empató,0,0,0
2019-12-15,Valencia,1 - 1,Real Madrid,Empató,1,1,0
2019-12-07,Real Madrid,2 - 0,Espanyol,Ganó,2,0,2
2019-11-30,Deportivo Alavés,1 - 2,Real Madrid,Ganó,1,2,1
2019-11-23,Real Madrid,3 - 1,R. Sociedad,Ganó,3,1,2
2019-11-09,Eibar,0 - 4,Real Madrid,Ganó,0,4,4
2019-11-02,Real Madrid,0 - 0,Real Betis,Empató,0,0,0
2019-10-30,Real Madrid,5 - 0,Leganés,Ganó,5,0,5
2019-10-19,Mallorca,1 - 0,Real Madrid,Perdió,1,0,1
2019-10-05,Real Madrid,4 - 2,Granada,Ganó,4,2,2
2019-09-28,Atlético,0 - 0,Real Madrid,Empató,0,0,0
2019-09-25,Real Madrid,2 - 0,Osasuna,Ganó,2,0,2
2019-09-22,Sevilla,0 - 1,Real Madrid,Ganó,0,1,1
2019-09-14,Real Madrid,3 - 2,Levante,Ganó,3,2,1
2019-09-01,Villarreal,2 - 2,Real Madrid,Empató,2,2,0
2019-08-24,Real Madrid,1 - 1,Real Valladolid,Empató,1,1,0
2019-08-17,Celta,1 - 3,Real Madrid,Ganó,1,3,2
2019-05-19,Real Madrid,0 - 2,Real Betis,Perdió,0,2,2
2019-05-12,R. Sociedad,3 - 1,Real Madrid,Perdió,3,1,2
2019-05-05,Real Madrid,3 - 2,Villarreal,Ganó,3,2,1
2019-04-28,Rayo Vallecano,1 - 0,Real Madrid,Perdió,1,0,1
2019-04-25,Getafe,0 - 0,Real Madrid,Empató,0,0,0
2019-04-21,Real Madrid,3 - 0,Athletic,Ganó,3,0,3
2019-04-15,Leganés,1 - 1,Real Madrid,Empató,1,1,0
2019-04-06,Real Madrid,2 - 1,Eibar,Ganó,2,1,1
2019-04-03,Valencia,2 - 1,Real Madrid,Perdió,2,1,1
2019-03-31,Real Madrid,3 - 2,Huesca,Ganó,3,2,1
2019-03-16,Real Madrid,2 - 0,Celta,Ganó,2,0,2
2019-03-10,Real Valladolid,1 - 4,Real Madrid,Ganó,1,4,3
2019-03-02,Real Madrid,0 - 1,Barcelona,Perdió,0,1,1
2019-02-24,Levante,1 - 2,Real Madrid,Ganó,1,2,1
2019-02-17,Real Madrid,1 - 2,Girona,Perdió,1,2,1
2019-02-09,Atlético,1 - 3,Real Madrid,Ganó,1,3,2
2019-02-03,Real Madrid,3 - 0,Deportivo Alavés,Ganó,3,0,3
2019-01-27,Espanyol,2 - 4,Real Madrid,Ganó,2,4,2
2019-01-19,Real Madrid,2 - 0,Sevilla,Ganó,2,0,2
2019-01-13,Real Betis,1 - 2,Real Madrid,Ganó,1,2,1
2019-01-06,Real Madrid,0 - 2,R. Sociedad,Perdió,0,2,2
2019-01-03,Villarreal,2 - 2,Real Madrid,Empató,2,2,0
2018-12-15,Real Madrid,1 - 0,Rayo Vallecano,Ganó,1,0,1
2018-12-09,Huesca,0 - 1,Real Madrid,Ganó,0,1,1
2018-12-01,Real Madrid,2 - 0,Valencia,Ganó,2,0,2
2018-11-24,Eibar,3 - 0,Real Madrid,Perdió,3,0,3
2018-11-11,Celta,2 - 4,Real Madrid,Ganó,2,4,2
2018-11-03,Real Madrid,2 - 0,Real Valladolid,Ganó,2,0,2
2018-10-28,Barcelona,5 - 1,Real Madrid,Perdió,5,1,4
2018-10-20,Real Madrid,1 - 2,Levante,Perdió,1,2,1
2018-10-06,Deportivo Alavés,1 - 0,Real Madrid,Perdió,1,0,1
2018-09-29,Real Madrid,0 - 0,Atlético,Empató,0,0,0
2018-09-26,Sevilla,3 - 0,Real Madrid,Perdió,3,0,3
2018-09-22,Real Madrid,1 - 0,Espanyol,Ganó,1,0,1
2018-09-15,Athletic,1 - 1,Real Madrid,Empató,1,1,0
2018-09-01,Real Madrid,4 - 1,Leganés,Ganó,4,1,3
2018-08-26,Girona,1 - 4,Real Madrid,Ganó,1,4,3
2018-08-19,Real Madrid,2 - 0,Getafe,Ganó,2,0,2
2018-05-19,Villarreal,2 - 2,Real Madrid,Empató,2,2,0
2018-05-12,Real Madrid,6 - 0,Celta,Ganó,6,0,6
2018-05-09,Sevilla,3 - 2,Real Madrid,Perdió,3,2,1
2018-05-06,Barcelona,2 - 2,Real Madrid,Empató,2,2,0
2018-04-28,Real Madrid,2 - 1,Leganés,Ganó,2,1,1
2018-04-18,Real Madrid,1 - 1,Athletic,Empató,1,1,0
2018-04-15,Málaga,1 - 2,Real Madrid,Ganó,1,2,1
2018-04-08,Real Madrid,1 - 1,Atlético,Empató,1,1,0
2018-03-31,Las Palmas,0 - 3,Real Madrid,Ganó,0,3,3
2018-03-18,Real Madrid,6 - 3,Girona,Ganó,6,3,3
2018-03-10,Eibar,1 - 2,Real Madrid,Ganó,1,2,1
2018-03-03,Real Madrid,3 - 1,Getafe,Ganó,3,1,2
2018-02-27,Espanyol,1 - 0,Real Madrid,Perdió,1,0,1
2018-02-24,Real Madrid,4 - 0,Deportivo Alavés,Ganó,4,0,4
2018-02-21,Leganés,1 - 3,Real Madrid,Ganó,1,3,2
2018-02-18,Real Betis,3 - 5,Real Madrid,Ganó,3,5,2
2018-02-10,Real Madrid,5 - 2,R. Sociedad,Ganó,5,2,3
2018-02-03,Levante,2 - 2,Real Madrid,Empató,2,2,0
2018-01-27,Valencia,1 - 4,Real Madrid,Ganó,1,4,3
2018-01-21,Real Madrid,7 - 1,RC Deportivo,Ganó,7,1,6
2018-01-13,Real Madrid,0 - 1,Villarreal,Perdió,0,1,1
2018-01-07,Celta,2 - 2,Real Madrid,Empató,2,2,0
2017-12-23,Real Madrid,0 - 3,Barcelona,Perdió,0,3,3
2017-12-09,Real Madrid,5 - 0,Sevilla,Ganó,5,0,5
2017-12-02,Athletic,0 - 0,Real Madrid,Empató,0,0,0
2017-11-25,Real Madrid,3 - 2,Málaga,Ganó,3,2,1
2017-11-18,Atlético,0 - 0,Real Madrid,Empató,0,0,0
2017-11-05,Real Madrid,3 - 0,Las Palmas,Ganó,3,0,3
2017-10-29,Girona,2 - 1,Real Madrid,Perdió,2,1,1
2017-10-22,Real Madrid,3 - 0,Eibar,Ganó,3,0,3
2017-10-14,Getafe,1 - 2,Real Madrid,Ganó,1,2,1
2017-10-01,Real Madrid,2 - 0,Espanyol,Ganó,2,0,2
2017-09-23,Deportivo Alavés,1 - 2,Real Madrid,Ganó,1,2,1
2017-09-20,Real Madrid,0 - 1,Real Betis,Perdió,0,1,1
2017-09-17,R. Sociedad,1 - 3,Real Madrid,Ganó,1,3,2
2017-09-09,Real Madrid,1 - 1,Levante,Empató,1,1,0
2017-08-27,Real Madrid,2 - 2,Valencia,Empató,2,2,0
2017-08-20,RC Deportivo,0 - 3,Real Madrid,Ganó,0,3,3
2017-05-21,Málaga,0 - 2,Real Madrid,Ganó,0,2,2
2017-05-17,Celta,1 - 4,Real Madrid,Ganó,1,4,3
2017-05-14,Real Madrid,4 - 1,Sevilla,Ganó,4,1,3
2017-05-06,Granada,0 - 4,Real Madrid,Ganó,0,4,4
2017-04-29,Real Madrid,2 - 1,Valencia,Ganó,2,1,1
2017-04-26,RC Deportivo,2 - 6,Real Madrid,Ganó,2,6,4
2017-04-23,Real Madrid,2 - 3,Barcelona,Perdió,2,3,1
2017-04-15,Real Sporting,2 - 3,Real Madrid,Ganó,2,3,1
2017-04-08,Real Madrid,1 - 1,Atlético,Empató,1,1,0
2017-04-05,Leganés,2 - 4,Real Madrid,Ganó,2,4,2
2017-04-02,Real Madrid,3 - 0,Deportivo Alavés,Ganó,3,0,3
2017-03-18,Athletic,1 - 2,Real Madrid,Ganó,1,2,1
2017-03-12,Real Madrid,2 - 1,Real Betis,Ganó,2,1,1
2017-03-04,Eibar,1 - 4,Real Madrid,Ganó,1,4,3
2017-03-01,Real Madrid,3 - 3,Las Palmas,Empató,3,3,0
2017-02-26,Villarreal,2 - 3,Real Madrid,Ganó,2,3,1
2017-02-22,Valencia,2 - 1,Real Madrid,Perdió,2,1,1
2017-02-18,Real Madrid,2 - 0,Espanyol,Ganó,2,0,2
2017-02-11,Osasuna,1 - 3,Real Madrid,Ganó,1,3,2
2017-01-29,Real Madrid,3 - 0,R. Sociedad,Ganó,3,0,3
2017-01-21,Real Madrid,2 - 1,Málaga,Ganó,2,1,1
2017-01-15,Sevilla,2 - 1,Real Madrid,Perdió,2,1,1
2017-01-07,Real Madrid,5 - 0,Granada,Ganó,5,0,5
2016-12-10,Real Madrid,3 - 2,RC Deportivo,Ganó,3,2,1
2016-12-03,Barcelona,1 - 1,Real Madrid,Empató,1,1,0
2016-11-26,Real Madrid,2 - 1,Real Sporting,Ganó,2,1,1
2016-11-19,Atlético,0 - 3,Real Madrid,Ganó,0,3,3
2016-11-06,Real Madrid,3 - 0,Leganés,Ganó,3,0,3
2016-10-29,Deportivo Alavés,1 - 4,Real Madrid,Ganó,1,4,3
2016-10-23,Real Madrid,2 - 1,Athletic,Ganó,2,1,1
2016-10-15,Real Betis,1 - 6,Real Madrid,Ganó,1,6,5
2016-10-02,Real Madrid,1 - 1,Eibar,Empató,1,1,0
2016-09-24,Las Palmas,2 - 2,Real Madrid,Empató,2,2,0
2016-09-21,Real Madrid,1 - 1,Villarreal,Empató,1,1,0
2016-09-18,Espanyol,0 - 2,Real Madrid,Ganó,0,2,2
2016-09-10,Real Madrid,5 - 2,Osasuna,Ganó,5,2,3
2016-08-27,Real Madrid,2 - 1,Celta,Ganó,2,1,1
2016-08-21,R. Sociedad,0 - 3,Real Madrid,Ganó,0,3,3
2016-05-14,RC Deportivo,0 - 2,Real Madrid,Ganó,0,2,2
2016-05-08,Real Madrid,3 - 2,Valencia,Ganó,3,2,1
2016-04-30,R. Sociedad,0 - 1,Real Madrid,Ganó,0,1,1
2016-04-23,Rayo Vallecano,2 - 3,Real Madrid,Ganó,2,3,1
2016-04-20,Real Madrid,3 - 0,Villarreal,Ganó,3,0,3
2016-04-16,Getafe,1 - 5,Real Madrid,Ganó,1,5,4
2016-04-09,Real Madrid,4 - 0,Eibar,Ganó,4,0,4
2016-04-02,Barcelona,1 - 2,Real Madrid,Ganó,1,2,1
2016-03-20,Real Madrid,4 - 0,Sevilla,Ganó,4,0,4
2016-03-13,Las Palmas,1 - 2,Real Madrid,Ganó,1,2,1
2016-03-05,Real Madrid,7 - 1,Celta,Ganó,7,1,6
2016-03-02,Levante,1 - 3,Real Madrid,Ganó,1,3,2
2016-02-27,Real Madrid,0 - 1,Atlético,Perdió,0,1,1
2016-02-21,Málaga,1 - 1,Real Madrid,Empató,1,1,0
2016-02-13,Real Madrid,4 - 2,Athletic,Ganó,4,2,2
2016-02-07,Granada,1 - 2,Real Madrid,Ganó,1,2,1
2016-01-31,Real Madrid,6 - 0,Espanyol,Ganó,6,0,6
2016-01-24,Real Betis,1 - 1,Real Madrid,Empató,1,1,0
2016-01-17,Real Madrid,5 - 1,Real Sporting,Ganó,5,1,4
2016-01-09,Real Madrid,5 - 0,RC Deportivo,Ganó,5,0,5
2016-01-03,Valencia,2 - 2,Real Madrid,Empató,2,2,0
2015-12-30,Real Madrid,3 - 1,R. Sociedad,Ganó,3,1,2
2015-12-20,Real Madrid,10 - 2,Rayo Vallecano,Ganó,10,2,8
2015-12-13,Villarreal,1 - 0,Real Madrid,Perdió,1,0,1
2015-12-05,Real Madrid,4 - 1,Getafe,Ganó,4,1,3
2015-11-29,Eibar,0 - 2,Real Madrid,Ganó,0,2,2
2015-11-21,Real Madrid,0 - 4,Barcelona,Perdió,0,4,4
2015-11-08,Sevilla,3 - 2,Real Madrid,Perdió,3,2,1
2015-10-31,Real Madrid,3 - 1,Las Palmas,Ganó,3,1,2
2015-10-24,Celta,1 - 3,Real Madrid,Ganó,1,3,2
2015-10-17,Real Madrid,3 - 0,Levante,Ganó,3,0,3
2015-10-04,Atlético,1 - 1,Real Madrid,Empató,1,1,0
2015-09-26,Real Madrid,0 - 0,Málaga,Empató,0,0,0
2015-09-23,Athletic,1 - 2,Real Madrid,Ganó,1,2,1
2015-09-19,Real Madrid,1 - 0,Granada,Ganó,1,0,1
2015-09-12,Espanyol,0 - 6,Real Madrid,Ganó,0,6,6
2015-08-29,Real Madrid,5 - 0,Real Betis,Ganó,5,0,5
2015-08-23,Real Sporting,0 - 0,Real Madrid,Empató,0,0,0
2015-05-23,Real Madrid,7 - 3,Getafe,Ganó,7,3,4
2015-05-17,Espanyol,1 - 4,Real Madrid,Ganó,1,4,3
2015-05-09,Real Madrid,2 - 2,Valencia,Empató,2,2,0
2015-05-02,Sevilla,2 - 3,Real Madrid,Ganó,2,3,1
2015-04-29,Real Madrid,3 - 0,Almería,Ganó,3,0,3
2015-04-26,Celta,2 - 4,Real Madrid,Ganó,2,4,2
2015-04-18,Real Madrid,3 - 1,Málaga,Ganó,3,1,2
2015-04-11,Real Madrid,3 - 0,Eibar,Ganó,3,0,3
2015-04-08,Rayo Vallecano,0 - 2,Real Madrid,Ganó,0,2,2
2015-04-05,Real Madrid,9 - 1,Granada,Ganó,9,1,8
2015-03-22,Barcelona,2 - 1,Real Madrid,Perdió,2,1,1
2015-03-15,Real Madrid,2 - 0,Levante,Ganó,2,0,2
2015-03-07,Athletic,1 - 0,Real Madrid,Perdió,1,0,1
2015-03-01,Real Madrid,1 - 1,Villarreal,Empató,1,1,0
2015-02-22,Elche,0 - 2,Real Madrid,Ganó,0,2,2
2015-02-14,Real Madrid,2 - 0,RC Deportivo,Ganó,2,0,2
2015-02-07,Atlético,4 - 0,Real Madrid,Perdió,4,0,4
2015-02-04,Real Madrid,2 - 1,Sevilla,Ganó,2,1,1
2015-01-31,Real Madrid,4 - 1,R. Sociedad,Ganó,4,1,3
2015-01-24,Córdoba,1 - 2,Real Madrid,Ganó,1,2,1
2015-01-18,Getafe,0 - 3,Real Madrid,Ganó,0,3,3
2015-01-10,Real Madrid,3 - 0,Espanyol,Ganó,3,0,3
2015-01-04,Valencia,2 - 1,Real Madrid,Perdió,2,1,1
2014-12-12,Almería,1 - 4,Real Madrid,Ganó,1,4,3
2014-12-06,Real Madrid,3 - 0,Celta,Ganó,3,0,3
2014-11-29,Málaga,1 - 2,Real Madrid,Ganó,1,2,1
2014-11-22,Eibar,0 - 4,Real Madrid,Ganó,0,4,4
2014-11-08,Real Madrid,5 - 1,Rayo Vallecano,Ganó,5,1,4
2014-11-01,Granada,0 - 4,Real Madrid,Ganó,0,4,4
2014-10-25,Real Madrid,3 - 1,Barcelona,Ganó,3,1,2
2014-10-18,Levante,0 - 5,Real Madrid,Ganó,0,5,5
2014-10-05,Real Madrid,5 - 0,Athletic,Ganó,5,0,5
2014-09-27,Villarreal,0 - 2,Real Madrid,Ganó,0,2,2
2014-09-23,Real Madrid,5 - 1,Elche,Ganó,5,1,4
2014-09-20,RC Deportivo,2 - 8,Real Madrid,Ganó,2,8,6
2014-09-13,Real Madrid,1 - 2,Atlético,Perdió,1,2,1
2014-08-31,R. Sociedad,4 - 2,Real Madrid,Perdió,4,2,2
2014-08-25,Real Madrid,2 - 0,Córdoba,Ganó,2,0,2
2014-05-17,Real Madrid,3 - 1,Espanyol,Ganó,3,1,2
2014-05-11,Celta,2 - 0,Real Madrid,Perdió,2,0,2
2014-05-07,Real Valladolid,1 - 1,Real Madrid,Empató,1,1,0
2014-05-04,Real Madrid,2 - 2,Valencia,Empató,2,2,0
2014-04-26,Real Madrid,4 - 0,Osasuna,Ganó,4,0,4
2014-04-12,Real Madrid,4 - 0,Almería,Ganó,4,0,4
2014-04-05,R. Sociedad,0 - 4,Real Madrid,Ganó,0,4,4
2014-03-29,Real Madrid,5 - 0,Rayo Vallecano,Ganó,5,0,5
2014-03-26,Sevilla,2 - 1,Real Madrid,Perdió,2,1,1
2014-03-23,Real Madrid,3 - 4,Barcelona,Perdió,3,4,1
2014-03-15,Málaga,0 - 1,Real Madrid,Ganó,0,1,1
2014-03-09,Real Madrid,3 - 0,Levante,Ganó,3,0,3
2014-03-02,Atlético,2 - 2,Real Madrid,Empató,2,2,0
2014-02-22,Real Madrid,3 - 0,Elche,Ganó,3,0,3
2014-02-16,Getafe,0 - 3,Real Madrid,Ganó,0,3,3
2014-02-08,Real Madrid,4 - 2,Villarreal,Ganó,4,2,2
2014-02-02,Athletic,1 - 1,Real Madrid,Empató,1,1,0
2014-01-25,Real Madrid,2 - 0,Granada,Ganó,2,0,2
2014-01-18,Real Betis,0 - 5,Real Madrid,Ganó,0,5,5
2014-01-12,Espanyol,0 - 1,Real Madrid,Ganó,0,1,1
2014-01-06,Real Madrid,3 - 0,Celta,Ganó,3,0,3
2013-12-22,Valencia,2 - 3,Real Madrid,Ganó,2,3,1
2013-12-14,Osasuna,2 - 2,Real Madrid,Empató,2,2,0
2013-11-30,Real Madrid,4 - 0,Real Valladolid,Ganó,4,0,4
2013-11-23,Almería,0 - 5,Real Madrid,Ganó,0,5,5
2013-11-09,Real Madrid,5 - 1,R. Sociedad,Ganó,5,1,4
2013-11-02,Rayo Vallecano,2 - 3,Real Madrid,Ganó,2,3,1
2013-10-30,Real Madrid,7 - 3,Sevilla,Ganó,7,3,4
2013-10-26,Barcelona,2 - 1,Real Madrid,Perdió,2,1,1
2013-10-19,Real Madrid,2 - 0,Málaga,Ganó,2,0,2
2013-10-05,Levante,2 - 3,Real Madrid,Ganó,2,3,1
2013-09-28,Real Madrid,0 - 1,Atlético,Perdió,0,1,1
2013-09-25,Elche,1 - 2,Real Madrid,Ganó,1,2,1
2013-09-22,Real Madrid,4 - 1,Getafe,Ganó,4,1,3
2013-09-14,Villarreal,2 - 2,Real Madrid,Empató,2,2,0
2013-09-01,Real Madrid,3 - 1,Athletic,Ganó,3,1,2
2013-08-26,Granada,0 - 1,Real Madrid,Ganó,0,1,1
2013-08-18,Real Madrid,2 - 1,Real Betis,Ganó,2,1,1
2013-06-01,Real Madrid,4 - 2,Osasuna,Ganó,4,2,2
2013-05-26,R. Sociedad,3 - 3,Real Madrid,Empató,3,3,0
2013-05-11,Espanyol,1 - 1,Real Madrid,Empató,1,1,0
2013-05-08,Real Madrid,6 - 2,Málaga,Ganó,6,2,4
2013-05-04,Real Madrid,4 - 3,Real Valladolid,Ganó,4,3,1
2013-04-27,Atlético,1 - 2,Real Madrid,Ganó,1,2,1
2013-04-20,Real Madrid,3 - 1,Real Betis,Ganó,3,1,2
2013-04-14,Athletic,0 - 3,Real Madrid,Ganó,0,3,3
2013-04-06,Real Madrid,5 - 1,Levante,Ganó,5,1,4
2013-03-30,Real Zaragoza,1 - 1,Real Madrid,Empató,1,1,0
2013-03-16,Real Madrid,5 - 2,Mallorca,Ganó,5,2,3
2013-03-10,Celta,1 - 2,Real Madrid,Ganó,1,2,1
2013-03-02,Real Madrid,2 - 1,Barcelona,Ganó,2,1,1
2013-02-23,RC Deportivo,1 - 2,Real Madrid,Ganó,1,2,1
2013-02-17,Real Madrid,2 - 0,Rayo Vallecano,Ganó,2,0,2
2013-02-09,Real Madrid,4 - 1,Sevilla,Ganó,4,1,3
2013-02-02,Granada,1 - 0,Real Madrid,Perdió,1,0,1
2013-01-27,Real Madrid,4 - 0,Getafe,Ganó,4,0,4
2013-01-20,Valencia,0 - 5,Real Madrid,Ganó,0,5,5
2013-01-12,Osasuna,0 - 0,Real Madrid,Empató,0,0,0
2013-01-06,Real Madrid,4 - 3,R. Sociedad,Ganó,4,3,1
2012-12-22,Málaga,3 - 2,Real Madrid,Perdió,3,2,1
2012-12-16,Real Madrid,2 - 2,Espanyol,Empató,2,2,0
2012-12-08,Real Valladolid,2 - 3,Real Madrid,Ganó,2,3,1
2012-12-01,Real Madrid,2 - 0,Atlético,Ganó,2,0,2
2012-11-24,Real Betis,1 - 0,Real Madrid,Perdió,1,0,1
2012-11-17,Real Madrid,5 - 1,Athletic,Ganó,5,1,4
2012-11-11,Levante,1 - 2,Real Madrid,Ganó,1,2,1
2012-11-03,Real Madrid,4 - 0,Real Zaragoza,Ganó,4,0,4
2012-10-28,Mallorca,0 - 5,Real Madrid,Ganó,0,5,5
2012-10-20,Real Madrid,2 - 0,Celta,Ganó,2,0,2
2012-10-07,Barcelona,2 - 2,Real Madrid,Empató,2,2,0
2012-09-30,Real Madrid,5 - 1,RC Deportivo,Ganó,5,1,4
2012-09-24,Rayo Vallecano,0 - 2,Real Madrid,Ganó,0,2,2
2012-09-15,Sevilla,1 - 0,Real Madrid,Perdió,1,0,1
2012-09-02,Real Madrid,3 - 0,Granada,Ganó,3,0,3
2012-08-26,Getafe,2 - 1,Real Madrid,Perdió,2,1,1
2012-08-19,Real Madrid,1 - 1,Valencia,Empató,1,1,0
2012-05-13,Real Madrid,4 - 1,Mallorca,Ganó,4,1,3
2012-05-05,Granada,1 - 2,Real Madrid,Ganó,1,2,1
2012-05-02,Athletic,0 - 3,Real Madrid,Ganó,0,3,3
2012-04-29,Real Madrid,3 - 0,Sevilla,Ganó,3,0,3
2012-04-21,Barcelona,1 - 2,Real Madrid,Ganó,1,2,1
2012-04-14,Real Madrid,3 - 1,Real Sporting,Ganó,3,1,2
2012-04-11,Atlético,1 - 4,Real Madrid,Ganó,1,4,3
2012-04-08,Real Madrid,0 - 0,Valencia,Empató,0,0,0
2012-03-31,Osasuna,1 - 5,Real Madrid,Ganó,1,5,4
2012-03-24,Real Madrid,5 - 1,R. Sociedad,Ganó,5,1,4
2012-03-21,Villarreal,1 - 1,Real Madrid,Empató,1,1,0
2012-03-18,Real Madrid,1 - 1,Málaga,Empató,1,1,0
2012-03-10,Real Betis,2 - 3,Real Madrid,Ganó,2,3,1
2012-03-04,Real Madrid,5 - 0,Espanyol,Ganó,5,0,5
2012-02-26,Rayo Vallecano,0 - 1,Real Madrid,Ganó,0,1,1
2012-02-18,Real Madrid,4 - 0,Racing,Ganó,4,0,4
2012-02-12,Real Madrid,4 - 2,Levante,Ganó,4,2,2
2012-02-04,Getafe,0 - 1,Real Madrid,Ganó,0,1,1
2012-01-28,Real Madrid,3 - 1,Real Zaragoza,Ganó,3,1,2
2012-01-22,Real Madrid,4 - 1,Athletic,Ganó,4,1,3
2012-01-14,Mallorca,1 - 2,Real Madrid,Ganó,1,2,1
2012-01-07,Real Madrid,5 - 1,Granada,Ganó,5,1,4
2011-12-17,Sevilla,2 - 6,Real Madrid,Ganó,2,6,4
2011-12-10,Real Madrid,1 - 3,Barcelona,Perdió,1,3,2
2011-12-03,Real Sporting,0 - 3,Real Madrid,Ganó,0,3,3
2011-11-26,Real Madrid,4 - 1,Atlético,Ganó,4,1,3
2011-11-19,Valencia,2 - 3,Real Madrid,Ganó,2,3,1
2011-11-06,Real Madrid,7 - 1,Osasuna,Ganó,7,1,6
2011-10-29,R. Sociedad,0 - 1,Real Madrid,Ganó,0,1,1
2011-10-26,Real Madrid,3 - 0,Villarreal,Ganó,3,0,3
2011-10-22,Málaga,0 - 4,Real Madrid,Ganó,0,4,4
2011-10-15,Real Madrid,4 - 1,Real Betis,Ganó,4,1,3
2011-10-02,Espanyol,0 - 4,Real Madrid,Ganó,0,4,4
2011-09-24,Real Madrid,6 - 2,Rayo Vallecano,Ganó,6,2,4
2011-09-21,Racing,0 - 0,Real Madrid,Empató,0,0,0
2011-09-18,Levante,1 - 0,Real Madrid,Perdió,1,0,1
2011-09-10,Real Madrid,4 - 2,Getafe,Ganó,4,2,2
2011-08-28,Real Zaragoza,0 - 6,Real Madrid,Ganó,0,6,6
2011-05-21,Real Madrid,8 - 1,Almería,Ganó,8,1,7
2011-05-15,Villarreal,1 - 3,Real Madrid,Ganó,1,3,2
2011-05-10,Real Madrid,4 - 0,Getafe,Ganó,4,0,4
2011-05-07,Sevilla,2 - 6,Real Madrid,Ganó,2,6,4
2011-04-30,Real Madrid,2 - 3,Real Zaragoza,Perdió,2,3,1
2011-04-23,Valencia,3 - 6,Real Madrid,Ganó,3,6,3
2011-04-16,Real Madrid,1 - 1,Barcelona,Empató,1,1,0
2011-04-09,Athletic,0 - 3,Real Madrid,Ganó,0,3,3
2011-04-02,Real Madrid,0 - 1,Real Sporting,Perdió,0,1,1
2011-03-19,Atlético,1 - 2,Real Madrid,Ganó,1,2,1
2011-03-12,Real Madrid,2 - 0,Hércules,Ganó,2,0,2
2011-03-06,Racing,1 - 3,Real Madrid,Ganó,1,3,2
2011-03-03,Real Madrid,7 - 0,Málaga,Ganó,7,0,7
2011-02-26,RC Deportivo,0 - 0,Real Madrid,Empató,0,0,0
2011-02-19,Real Madrid,2 - 0,Levante,Ganó,2,0,2
2011-02-13,Espanyol,0 - 1,Real Madrid,Ganó,0,1,1
2011-02-06,Real Madrid,4 - 1,R. Sociedad,Ganó,4,1,3
2011-01-30,Osasuna,1 - 0,Real Madrid,Perdió,1,0,1
2011-01-23,Real Madrid,1 - 0,Mallorca,Ganó,1,0,1
2011-01-16,Almería,1 - 1,Real Madrid,Empató,1,1,0
2011-01-09,Real Madrid,4 - 2,Villarreal,Ganó,4,2,2
2011-01-03,Getafe,2 - 3,Real Madrid,Ganó,2,3,1
2010-12-19,Real Madrid,1 - 0,Sevilla,Ganó,1,0,1
2010-12-12,Real Zaragoza,1 - 3,Real Madrid,Ganó,1,3,2
2010-12-04,Real Madrid,2 - 0,Valencia,Ganó,2,0,2
2010-11-29,Barcelona,5 - 0,Real Madrid,Perdió,5,0,5
2010-11-20,Real Madrid,5 - 1,Athletic,Ganó,5,1,4
2010-11-14,Real Sporting,0 - 1,Real Madrid,Ganó,0,1,1
2010-11-07,Real Madrid,2 - 0,Atlético,Ganó,2,0,2
2010-10-30,Hércules,1 - 3,Real Madrid,Ganó,1,3,2
2010-10-23,Real Madrid,6 - 1,Racing,Ganó,6,1,5
2010-10-16,Málaga,1 - 4,Real Madrid,Ganó,1,4,3
2010-10-03,Real Madrid,6 - 1,RC Deportivo,Ganó,6,1,5
2010-09-25,Levante,0 - 0,Real Madrid,Empató,0,0,0
2010-09-21,Real Madrid,3 - 0,Espanyol,Ganó,3,0,3
2010-09-18,R. Sociedad,1 - 2,Real Madrid,Ganó,1,2,1
2010-09-11,Real Madrid,1 - 0,Osasuna,Ganó,1,0,1
2010-08-29,Mallorca,0 - 0,Real Madrid,Empató,0,0,0
2010-05-16,Málaga,1 - 1,Real Madrid,Empató,1,1,0
2010-05-08,Real Madrid,5 - 1,Athletic,Ganó,5,1,4
2010-05-05,Mallorca,1 - 4,Real Madrid,Ganó,1,4,3
2010-05-02,Real Madrid,3 - 2,Osasuna,Ganó,3,2,1
2010-04-24,Real Zaragoza,1 - 2,Real Madrid,Ganó,1,2,1
2010-04-18,Real Madrid,2 - 0,Valencia,Ganó,2,0,2
2010-04-15,Almería,1 - 2,Real Madrid,Ganó,1,2,1
2010-04-10,Real Madrid,0 - 2,Barcelona,Perdió,0,2,2
2010-04-04,Racing,0 - 2,Real Madrid,Ganó,0,2,2
2010-03-28,Real Madrid,3 - 2,Atlético,Ganó,3,2,1
2010-03-25,Getafe,2 - 4,Real Madrid,Ganó,2,4,2
2010-03-20,Real Madrid,3 - 1,Real Sporting,Ganó,3,1,2
2010-03-14,Real Valladolid,1 - 4,Real Madrid,Ganó,1,4,3
2010-03-06,Real Madrid,3 - 2,Sevilla,Ganó,3,2,1
2010-02-27,Tenerife,1 - 5,Real Madrid,Ganó,1,5,4
2010-02-21,Real Madrid,6 - 2,Villarreal,Ganó,6,2,4
2010-02-13,Xerez CD,0 - 3,Real Madrid,Ganó,0,3,3
2010-02-06,Real Madrid,3 - 0,Espanyol,Ganó,3,0,3
2010-01-30,RC Deportivo,1 - 3,Real Madrid,Ganó,1,3,2
2010-01-24,Real Madrid,2 - 0,Málaga,Ganó,2,0,2
2010-01-16,Athletic,1 - 0,Real Madrid,Perdió,1,0,1
2010-01-10,Real Madrid,2 - 0,Mallorca,Ganó,2,0,2
2010-01-03,Osasuna,0 - 0,Real Madrid,Empató,0,0,0
2009-12-19,Real Madrid,6 - 0,Real Zaragoza,Ganó,6,0,6
2009-12-12,Valencia,2 - 3,Real Madrid,Ganó,2,3,1
2009-12-05,Real Madrid,4 - 2,Almería,Ganó,4,2,2
2009-11-29,Barcelona,1 - 0,Real Madrid,Perdió,1,0,1
2009-11-21,Real Madrid,1 - 0,Racing,Ganó,1,0,1
2009-11-07,Atlético,2 - 3,Real Madrid,Ganó,2,3,1
2009-10-31,Real Madrid,2 - 0,Getafe,Ganó,2,0,2
2009-10-24,Real Sporting,0 - 0,Real Madrid,Empató,0,0,0
2009-10-17,Real Madrid,4 - 2,Real Valladolid,Ganó,4,2,2
2009-10-04,Sevilla,2 - 1,Real Madrid,Perdió,2,1,1
2009-09-26,Real Madrid,3 - 0,Tenerife,Ganó,3,0,3
2009-09-23,Villarreal,0 - 2,Real Madrid,Ganó,0,2,2
2009-09-20,Real Madrid,5 - 0,Xerez CD,Ganó,5,0,5
2009-09-12,Espanyol,0 - 3,Real Madrid,Ganó,0,3,3
2009-08-29,Real Madrid,3 - 2,RC Deportivo,Ganó,3,2,1
2009-05-31,Osasuna,2 - 1,Real Madrid,Perdió,2,1,1
2009-05-24,Real Madrid,1 - 3,Mallorca,Perdió,1,3,2
2009-05-16,Villarreal,3 - 2,Real Madrid,Perdió,3,2,1
2009-05-09,Valencia,3 - 0,Real Madrid,Perdió,3,0,3
2009-05-02,Real Madrid,2 - 6,Barcelona,Perdió,2,6,4
2009-04-26,Sevilla,2 - 4,Real Madrid,Ganó,2,4,2
2009-04-21,Real Madrid,3 - 2,Getafe,Ganó,3,2,1
2009-04-18,Recreativo,0 - 1,Real Madrid,Ganó,0,1,1
2009-04-12,Real Madrid,2 - 0,Real Valladolid,Ganó,2,0,2
2009-04-04,Málaga,0 - 1,Real Madrid,Ganó,0,1,1
2009-03-22,Real Madrid,3 - 0,Almería,Ganó,3,0,3
2009-03-14,Athletic,2 - 5,Real Madrid,Ganó,2,5,3
2009-03-07,Real Madrid,1 - 1,Atlético,Empató,1,1,0
2009-02-28,Espanyol,0 - 2,Real Madrid,Ganó,0,2,2
2009-02-21,Real Madrid,6 - 1,Real Betis,Ganó,6,1,5
2009-02-15,Real Sporting,0 - 4,Real Madrid,Ganó,0,4,4
2009-02-07,Real Madrid,1 - 0,Racing,Ganó,1,0,1
2009-01-31,Numancia,0 - 2,Real Madrid,Ganó,0,2,2
2009-01-25,Real Madrid,1 - 0,RC Deportivo,Ganó,1,0,1
2009-01-18,Real Madrid,3 - 1,Osasuna,Ganó,3,1,2
2009-01-11,Mallorca,0 - 3,Real Madrid,Ganó,0,3,3
2009-01-04,Real Madrid,1 - 0,Villarreal,Ganó,1,0,1
2008-12-20,Real Madrid,1 - 0,Valencia,Ganó,1,0,1
2008-12-13,Barcelona,2 - 0,Real Madrid,Perdió,2,0,2
2008-12-07,Real Madrid,3 - 4,Sevilla,Perdió,3,4,1
2008-11-29,Getafe,3 - 1,Real Madrid,Perdió,3,1,2
2008-11-22,Real Madrid,1 - 0,Recreativo,Ganó,1,0,1
2008-11-15,Real Valladolid,1 - 0,Real Madrid,Perdió,1,0,1
2008-11-08,Real Madrid,4 - 3,Málaga,Ganó,4,3,1
2008-11-02,Almería,1 - 1,Real Madrid,Empató,1,1,0
2008-10-26,Real Madrid,3 - 2,Athletic,Ganó,3,2,1
2008-10-18,Atlético,1 - 2,Real Madrid,Ganó,1,2,1
2008-10-05,Real Madrid,2 - 2,Espanyol,Empató,2,2,0
2008-09-27,Real Betis,1 - 2,Real Madrid,Ganó,1,2,1
2008-09-24,Real Madrid,7 - 1,Real Sporting,Ganó,7,1,6
2008-09-21,Racing,0 - 2,Real Madrid,Ganó,0,2,2
2008-09-14,Real Madrid,4 - 3,Numancia,Ganó,4,3,1
2008-08-31,RC Deportivo,2 - 1,Real Madrid,Perdió,2,1,1
2008-05-18,Real Madrid,5 - 2,Levante,Ganó,5,2,3
2008-05-11,Real Zaragoza,2 - 2,Real Madrid,Empató,2,2,0
2008-05-07,Real Madrid,4 - 1,Barcelona,Ganó,4,1,3
2008-05-04,Osasuna,1 - 2,Real Madrid,Ganó,1,2,1
2008-04-27,Real Madrid,3 - 0,Athletic,Ganó,3,0,3
2008-04-20,Racing,0 - 2,Real Madrid,Ganó,0,2,2
2008-04-13,Real Madrid,1 - 0,Real Murcia,Ganó,1,0,1
2008-04-05,Mallorca,1 - 1,Real Madrid,Empató,1,1,0
2008-03-30,Real Madrid,3 - 1,Sevilla,Ganó,3,1,2
2008-03-23,Real Madrid,2 - 3,Valencia,Perdió,2,3,1
2008-03-15,RC Deportivo,1 - 0,Real Madrid,Perdió,1,0,1
2008-03-08,Real Madrid,2 - 1,Espanyol,Ganó,2,1,1
2008-03-01,Recreativo,2 - 3,Real Madrid,Ganó,2,3,1
2008-02-24,Real Madrid,0 - 1,Getafe,Perdió,0,1,1
2008-02-16,Real Betis,2 - 1,Real Madrid,Perdió,2,1,1
2008-02-10,Real Madrid,7 - 0,Real Valladolid,Ganó,7,0,7
2008-02-02,Almería,2 - 0,Real Madrid,Perdió,2,0,2
2008-01-27,Real Madrid,3 - 2,Villarreal,Ganó,3,2,1
2008-01-20,Atlético,0 - 2,Real Madrid,Ganó,0,2,2
2008-01-13,Levante,0 - 2,Real Madrid,Ganó,0,2,2
2008-01-06,Real Madrid,2 - 0,Real Zaragoza,Ganó,2,0,2
2007-12-23,Barcelona,0 - 1,Real Madrid,Ganó,0,1,1
2007-12-16,Real Madrid,2 - 0,Osasuna,Ganó,2,0,2
2007-12-08,Athletic,0 - 1,Real Madrid,Ganó,0,1,1
2007-12-01,Real Madrid,3 - 1,Racing,Ganó,3,1,2
2007-11-24,Real Murcia,1 - 1,Real Madrid,Empató,1,1,0
2007-11-11,Real Madrid,4 - 3,Mallorca,Ganó,4,3,1
2007-11-03,Sevilla,2 - 0,Real Madrid,Perdió,2,0,2
2007-10-31,Valencia,1 - 5,Real Madrid,Ganó,1,5,4
2007-10-28,Real Madrid,3 - 1,RC Deportivo,Ganó,3,1,2
2007-10-20,Espanyol,2 - 1,Real Madrid,Perdió,2,1,1
2007-10-07,Real Madrid,2 - 0,Recreativo,Ganó,2,0,2
2007-09-30,Getafe,0 - 1,Real Madrid,Ganó,0,1,1
2007-09-27,Real Madrid,2 - 0,Real Betis,Ganó,2,0,2
2007-09-23,Real Valladolid,1 - 1,Real Madrid,Empató,1,1,0
2007-09-15,Real Madrid,3 - 1,Almería,Ganó,3,1,2
2007-09-02,Villarreal,0 - 5,Real Madrid,Ganó,0,5,5
2007-08-25,Real Madrid,2 - 1,Atlético,Ganó,2,1,1
2007-06-17,Real Madrid,3 - 1,Mallorca,Ganó,3,1,2
2007-06-09,Real Zaragoza,2 - 2,Real Madrid,Empató,2,2,0
2007-05-26,Real Madrid,3 - 1,RC Deportivo,Ganó,3,1,2
2007-05-20,Recreativo,2 - 3,Real Madrid,Ganó,2,3,1
2007-05-12,Real Madrid,4 - 3,Espanyol,Ganó,4,3,1
2007-05-06,Real Madrid,3 - 2,Sevilla,Ganó,3,2,1
2007-04-29,Athletic,1 - 4,Real Madrid,Ganó,1,4,3
2007-04-21,Real Madrid,2 - 1,Valencia,Ganó,2,1,1
2007-04-14,Racing,2 - 1,Real Madrid,Perdió,2,1,1
2007-04-08,Real Madrid,2 - 0,Osasuna,Ganó,2,0,2
2007-04-01,Celta,1 - 2,Real Madrid,Ganó,1,2,1
2007-03-18,Real Madrid,2 - 0,Gimnàstic,Ganó,2,0,2
2007-03-10,Barcelona,3 - 3,Real Madrid,Empató,3,3,0
2007-03-04,Real Madrid,1 - 1,Getafe,Empató,1,1,0
2007-02-24,Atlético,1 - 1,Real Madrid,Empató,1,1,0
2007-02-17,Real Madrid,0 - 0,Real Betis,Empató,0,0,0
2007-02-10,R. Sociedad,1 - 2,Real Madrid,Ganó,1,2,1
2007-02-04,Real Madrid,0 - 1,Levante,Perdió,0,1,1
2007-01-27,Villarreal,1 - 0,Real Madrid,Perdió,1,0,1
2007-01-21,Mallorca,0 - 1,Real Madrid,Ganó,0,1,1
2007-01-14,Real Madrid,1 - 0,Real Zaragoza,Ganó,1,0,1
2007-01-07,RC Deportivo,2 - 0,Real Madrid,Perdió,2,0,2
2006-12-20,Real Madrid,0 - 3,Recreativo,Perdió,0,3,3
2006-12-17,Espanyol,0 - 1,Real Madrid,Ganó,0,1,1
2006-12-09,Sevilla,2 - 1,Real Madrid,Perdió,2,1,1
2006-12-03,Real Madrid,2 - 1,Athletic,Ganó,2,1,1
2006-11-26,Valencia,0 - 1,Real Madrid,Ganó,0,1,1
2006-11-18,Real Madrid,3 - 1,Racing,Ganó,3,1,2
2006-11-12,Osasuna,1 - 4,Real Madrid,Ganó,1,4,3
2006-11-05,Real Madrid,1 - 2,Celta,Perdió,1,2,1
2006-10-28,Gimnàstic,1 - 3,Real Madrid,Ganó,1,3,2
2006-10-22,Real Madrid,2 - 0,Barcelona,Ganó,2,0,2
2006-10-14,Getafe,1 - 0,Real Madrid,Perdió,1,0,1
2006-10-01,Real Madrid,1 - 1,Atlético,Empató,1,1,0
2006-09-23,Real Betis,0 - 1,Real Madrid,Ganó,0,1,1
2006-09-17,Real Madrid,2 - 0,R. Sociedad,Ganó,2,0,2
2006-09-10,Levante,1 - 4,Real Madrid,Ganó,1,4,3
2006-08-27,Real Madrid,0 - 0,Villarreal,Empató,0,0,0
2006-05-16,Sevilla,4 - 3,Real Madrid,Perdió,4,3,1
2006-05-07,Real Madrid,3 - 3,Villarreal,Empató,3,3,0
2006-05-04,Racing,2 - 3,Real Madrid,Ganó,2,3,1
2006-04-30,Osasuna,0 - 1,Real Madrid,Ganó,0,1,1
2006-04-23,Real Madrid,2 - 1,Málaga,Ganó,2,1,1
2006-04-16,Getafe,1 - 1,Real Madrid,Empató,1,1,0
2006-04-08,Real Madrid,1 - 1,R. Sociedad,Empató,1,1,0
2006-04-01,Barcelona,1 - 1,Real Madrid,Empató,1,1,0
2006-03-26,Real Madrid,4 - 0,RC Deportivo,Ganó,4,0,4
2006-03-22,Real Zaragoza,1 - 1,Real Madrid,Empató,1,1,0
2006-03-19,Real Madrid,0 - 0,Real Betis,Empató,0,0,0
2006-03-11,Valencia,0 - 0,Real Madrid,Empató,0,0,0
2006-03-04,Real Madrid,2 - 1,Atlético,Ganó,2,1,1
2006-02-26,Mallorca,2 - 1,Real Madrid,Perdió,2,1,1
2006-02-18,Real Madrid,3 - 0,Deportivo Alavés,Ganó,3,0,3
2006-02-11,Athletic,0 - 2,Real Madrid,Ganó,0,2,2
2006-02-04,Real Madrid,4 - 0,Espanyol,Ganó,4,0,4
2006-01-29,Celta,1 - 2,Real Madrid,Ganó,1,2,1
2006-01-21,Real Madrid,3 - 1,Cádiz,Ganó,3,1,2
2006-01-15,Real Madrid,4 - 2,Sevilla,Ganó,4,2,2
2006-01-08,Villarreal,0 - 0,Real Madrid,Empató,0,0,0
2005-12-21,Real Madrid,1 - 2,Racing,Perdió,1,2,1
2005-12-18,Real Madrid,1 - 1,Osasuna,Empató,1,1,0
2005-12-11,Málaga,0 - 2,Real Madrid,Ganó,0,2,2
2005-12-03,Real Madrid,1 - 0,Getafe,Ganó,1,0,1
2005-11-27,R. Sociedad,2 - 2,Real Madrid,Empató,2,2,0
2005-11-19,Real Madrid,0 - 3,Barcelona,Perdió,0,3,3
2005-11-06,Real Madrid,1 - 0,Real Zaragoza,Ganó,1,0,1
2005-10-29,Real Betis,0 - 2,Real Madrid,Ganó,0,2,2
2005-10-26,RC Deportivo,3 - 1,Real Madrid,Perdió,3,1,2
2005-10-23,Real Madrid,1 - 2,Valencia,Perdió,1,2,1
2005-10-15,Atlético,0 - 3,Real Madrid,Ganó,0,3,3
2005-10-02,Real Madrid,4 - 0,Mallorca,Ganó,4,0,4
2005-09-25,Deportivo Alavés,0 - 3,Real Madrid,Ganó,0,3,3
2005-09-22,Real Madrid,3 - 1,Athletic,Ganó,3,1,2
2005-09-18,Espanyol,1 - 0,Real Madrid,Perdió,1,0,1
2005-09-10,Real Madrid,2 - 3,Celta,Perdió,2,3,1
2005-08-28,Cádiz,1 - 2,Real Madrid,Ganó,1,2,1
2005-05-28,Real Zaragoza,1 - 3,Real Madrid,Ganó,1,3,2
2005-05-21,Real Madrid,0 - 0,Atlético,Empató,0,0,0
2005-05-14,Sevilla,2 - 2,Real Madrid,Empató,2,2,0
2005-05-07,Real Madrid,5 - 0,Racing,Ganó,5,0,5
2005-04-30,R. Sociedad,0 - 2,Real Madrid,Ganó,0,2,2
2005-04-23,Real Madrid,2 - 1,Villarreal,Ganó,2,1,1
2005-04-17,Levante,0 - 2,Real Madrid,Ganó,0,2,2
2005-04-10,Real Madrid,4 - 2,Barcelona,Ganó,4,2,2
2005-04-03,Albacete,1 - 2,Real Madrid,Ganó,1,2,1
2005-03-20,Real Madrid,1 - 0,Málaga,Ganó,1,0,1
2005-03-13,Getafe,2 - 1,Real Madrid,Perdió,2,1,1
2005-03-05,Valencia,1 - 1,Real Madrid,Empató,1,1,0
2005-03-02,Real Madrid,3 - 1,Real Betis,Ganó,3,1,2
2005-02-26,RC Deportivo,2 - 0,Real Madrid,Perdió,2,0,2
2005-02-19,Real Madrid,0 - 2,Athletic,Perdió,0,2,2
2005-02-13,Osasuna,1 - 2,Real Madrid,Ganó,1,2,1
2005-02-05,Real Madrid,4 - 0,Espanyol,Ganó,4,0,4
2005-01-30,Numancia,1 - 2,Real Madrid,Ganó,1,2,1
2005-01-23,Real Madrid,3 - 1,Mallorca,Ganó,3,1,2
2005-01-16,Real Madrid,3 - 1,Real Zaragoza,Ganó,3,1,2
2005-01-09,Atlético,0 - 3,Real Madrid,Ganó,0,3,3
2005-01-05,Real Madrid,2 - 1,R. Sociedad,Ganó,2,1,1
2004-12-22,Real Madrid,0 - 1,Sevilla,Perdió,0,1,1
2004-12-18,Racing,2 - 3,Real Madrid,Ganó,2,3,1
2004-12-05,Villarreal,0 - 0,Real Madrid,Empató,0,0,0
2004-11-28,Real Madrid,5 - 0,Levante,Ganó,5,0,5
2004-11-20,Barcelona,3 - 0,Real Madrid,Perdió,3,0,3
2004-11-14,Real Madrid,6 - 1,Albacete,Ganó,6,1,5
2004-11-07,Málaga,0 - 2,Real Madrid,Ganó,0,2,2
2004-10-31,Real Madrid,2 - 0,Getafe,Ganó,2,0,2
2004-10-23,Real Madrid,1 - 0,Valencia,Ganó,1,0,1
2004-10-16,Real Betis,1 - 1,Real Madrid,Empató,1,1,0
2004-10-03,Real Madrid,0 - 1,RC Deportivo,Perdió,0,1,1
2004-09-25,Athletic,2 - 1,Real Madrid,Perdió,2,1,1
2004-09-21,Real Madrid,1 - 0,Osasuna,Ganó,1,0,1
2004-09-18,Espanyol,1 - 0,Real Madrid,Perdió,1,0,1
2004-09-11,Real Madrid,1 - 0,Numancia,Ganó,1,0,1
2004-08-29,Mallorca,0 - 1,Real Madrid,Ganó,0,1,1
2004-05-23,Real Madrid,1 - 4,R. Sociedad,Perdió,1,4,3
2004-05-16,Real Murcia,2 - 1,Real Madrid,Perdió,2,1,1
2004-05-08,Real Madrid,2 - 3,Mallorca,Perdió,2,3,1
2004-05-01,RC Deportivo,2 - 0,Real Madrid,Perdió,2,0,2
2004-04-25,Real Madrid,1 - 2,Barcelona,Perdió,1,2,1
2004-04-17,Atlético,1 - 2,Real Madrid,Ganó,1,2,1
2004-04-11,Real Madrid,0 - 3,Osasuna,Perdió,0,3,3
2004-04-03,Albacete,1 - 2,Real Madrid,Ganó,1,2,1
2004-03-28,Real Madrid,5 - 1,Sevilla,Ganó,5,1,4
2004-03-20,Athletic,4 - 2,Real Madrid,Perdió,4,2,2
2004-03-13,Real Madrid,1 - 1,Real Zaragoza,Empató,1,1,0
2004-03-06,Racing,1 - 1,Real Madrid,Empató,1,1,0
2004-02-29,Real Madrid,4 - 2,Celta,Ganó,4,2,2
2004-02-21,Espanyol,2 - 4,Real Madrid,Ganó,2,4,2
2004-02-15,Real Madrid,1 - 1,Valencia,Empató,1,1,0
2004-02-07,Real Madrid,2 - 1,Málaga,Ganó,2,1,1
2004-02-01,Real Valladolid,2 - 3,Real Madrid,Ganó,2,3,1
2004-01-24,Real Madrid,2 - 1,Villarreal,Ganó,2,1,1
2004-01-18,Real Betis,1 - 1,Real Madrid,Empató,1,1,0
2004-01-10,R. Sociedad,1 - 0,Real Madrid,Perdió,1,0,1
2004-01-03,Real Madrid,1 - 0,Real Murcia,Ganó,1,0,1
2003-12-21,Mallorca,1 - 3,Real Madrid,Ganó,1,3,2
2003-12-14,Real Madrid,2 - 1,RC Deportivo,Ganó,2,1,1
2003-12-06,Barcelona,1 - 2,Real Madrid,Ganó,1,2,1
2003-12-03,Real Madrid,2 - 0,Atlético,Ganó,2,0,2
2003-11-29,Osasuna,1 - 1,Real Madrid,Empató,1,1,0
2003-11-23,Real Madrid,2 - 1,Albacete,Ganó,2,1,1
2003-11-09,Sevilla,4 - 1,Real Madrid,Perdió,4,1,3
2003-11-01,Real Madrid,3 - 0,Athletic,Ganó,3,0,3
2003-10-28,Real Zaragoza,0 - 0,Real Madrid,Empató,0,0,0
2003-10-25,Real Madrid,3 - 1,Racing,Ganó,3,1,2
2003-10-18,Celta,0 - 2,Real Madrid,Ganó,0,2,2
2003-10-05,Real Madrid,2 - 1,Espanyol,Ganó,2,1,1
2003-09-27,Valencia,2 - 0,Real Madrid,Perdió,2,0,2
2003-09-21,Málaga,1 - 3,Real Madrid,Ganó,1,3,2
2003-09-13,Real Madrid,7 - 2,Real Valladolid,Ganó,7,2,5
2003-09-02,Villarreal,1 - 1,Real Madrid,Empató,1,1,0
2003-08-30,Real Madrid,2 - 1,Real Betis,Ganó,2,1,1
2003-06-22,Real Madrid,3 - 1,Athletic,Ganó,3,1,2
2003-06-15,Atlético,0 - 4,Real Madrid,Ganó,0,4,4
2003-05-31,Real Madrid,1 - 1,Celta,Empató,1,1,0
2003-05-24,Valencia,1 - 2,Real Madrid,Ganó,1,2,1
2003-05-18,Real Madrid,5 - 1,Málaga,Ganó,5,1,4
2003-05-10,Recreativo,0 - 0,Real Madrid,Empató,0,0,0
2003-05-03,Real Madrid,1 - 5,Mallorca,Perdió,1,5,4
2003-04-27,Sevilla,1 - 3,Real Madrid,Ganó,1,3,2
2003-04-19,Real Madrid,1 - 1,Barcelona,Empató,1,1,0
2003-04-13,R. Sociedad,4 - 2,Real Madrid,Perdió,4,2,2
2003-04-05,Real Madrid,3 - 1,Rayo Vallecano,Ganó,3,1,2
2003-03-23,Real Madrid,2 - 0,RC Deportivo,Ganó,2,0,2
2003-03-15,Villarreal,0 - 1,Real Madrid,Ganó,0,1,1
2003-03-08,Real Madrid,4 - 1,Racing,Ganó,4,1,3
2003-03-01,Deportivo Alavés,1 - 5,Real Madrid,Ganó,1,5,4
2003-02-22,Real Madrid,3 - 1,Real Valladolid,Ganó,3,1,2
2003-02-16,Osasuna,1 - 0,Real Madrid,Perdió,1,0,1
2003-02-08,Real Madrid,4 - 1,Real Betis,Ganó,4,1,3
2003-02-02,Espanyol,2 - 2,Real Madrid,Empató,2,2,0
2003-01-26,Athletic,1 - 1,Real Madrid,Empató,1,1,0
2003-01-19,Real Madrid,2 - 2,Atlético,Empató,2,2,0
2003-01-11,Celta,0 - 1,Real Madrid,Ganó,0,1,1
2003-01-05,Real Madrid,4 - 1,Valencia,Ganó,4,1,3
2003-01-02,Real Madrid,3 - 0,Sevilla,Ganó,3,0,3
2002-12-21,Málaga,2 - 3,Real Madrid,Ganó,2,3,1
2002-12-15,Real Madrid,4 - 2,Recreativo,Ganó,4,2,2
2002-12-08,Mallorca,1 - 5,Real Madrid,Ganó,1,5,4
2002-11-23,Barcelona,0 - 0,Real Madrid,Empató,0,0,0
2002-11-17,Real Madrid,0 - 0,R. Sociedad,Empató,0,0,0
2002-11-09,Rayo Vallecano,2 - 3,Real Madrid,Ganó,2,3,1
2002-11-02,RC Deportivo,0 - 0,Real Madrid,Empató,0,0,0
2002-10-26,Real Madrid,1 - 1,Villarreal,Empató,1,1,0
2002-10-19,Racing,2 - 0,Real Madrid,Perdió,2,0,2
2002-10-08,Real Betis,1 - 1,Real Madrid,Empató,1,1,0
2002-10-06,Real Madrid,5 - 2,Deportivo Alavés,Ganó,5,2,3
2002-09-28,Real Valladolid,1 - 1,Real Madrid,Empató,1,1,0
2002-09-21,Real Madrid,4 - 1,Osasuna,Ganó,4,1,3
2002-09-02,Real Madrid,2 - 0,Espanyol,Ganó,2,0,2
2002-05-10,RC Deportivo,3 - 0,Real Madrid,Perdió,3,0,3
2002-05-05,Real Madrid,0 - 0,Mallorca,Empató,0,0,0
2002-04-27,R. Sociedad,3 - 0,Real Madrid,Perdió,3,0,3
2002-04-20,Real Madrid,4 - 1,Tenerife,Ganó,4,1,3
2002-04-14,Osasuna,3 - 1,Real Madrid,Perdió,3,1,2
2002-04-06,Real Madrid,3 - 1,Rayo Vallecano,Ganó,3,1,2
2002-03-30,Sevilla,0 - 1,Real Madrid,Ganó,0,1,1
2002-03-24,Real Madrid,3 - 1,Real Zaragoza,Ganó,3,1,2
2002-03-16,Barcelona,1 - 1,Real Madrid,Empató,1,1,0
2002-03-09,Real Madrid,3 - 0,Villarreal,Ganó,3,0,3
2002-03-02,Celta,0 - 1,Real Madrid,Ganó,0,1,1
2002-02-23,Real Madrid,3 - 1,Deportivo Alavés,Ganó,3,1,2
2002-02-16,Athletic,2 - 1,Real Madrid,Perdió,2,1,1
2002-02-10,Real Madrid,7 - 0,Las Palmas,Ganó,7,0,7
2002-02-06,Real Valladolid,2 - 1,Real Madrid,Perdió,2,1,1
2002-02-03,Espanyol,2 - 1,Real Madrid,Perdió,2,1,1
2002-01-27,Real Madrid,1 - 1,Real Betis,Empató,1,1,0
2002-01-19,Málaga,1 - 1,Real Madrid,Empató,1,1,0
2002-01-13,Real Madrid,1 - 0,Valencia,Ganó,1,0,1
2002-01-05,Real Madrid,3 - 1,RC Deportivo,Ganó,3,1,2
2001-12-23,Mallorca,1 - 1,Real Madrid,Empató,1,1,0
2001-12-15,Real Madrid,3 - 1,R. Sociedad,Ganó,3,1,2
2001-12-08,Tenerife,0 - 2,Real Madrid,Ganó,0,2,2
2001-12-01,Real Madrid,2 - 1,Osasuna,Ganó,2,1,1
2001-11-25,Rayo Vallecano,0 - 3,Real Madrid,Ganó,0,3,3
2001-11-17,Real Madrid,2 - 1,Sevilla,Ganó,2,1,1
2001-11-11,Real Zaragoza,2 - 1,Real Madrid,Perdió,2,1,1
2001-11-04,Real Madrid,2 - 0,Barcelona,Ganó,2,0,2
2001-10-27,Villarreal,2 - 3,Real Madrid,Ganó,2,3,1
2001-10-21,Real Madrid,1 - 1,Celta,Empató,1,1,0
2001-10-13,Deportivo Alavés,0 - 0,Real Madrid,Empató,0,0,0
2001-10-06,Real Madrid,2 - 0,Athletic,Ganó,2,0,2
2001-10-03,Las Palmas,4 - 2,Real Madrid,Perdió,4,2,2
2001-09-29,Real Madrid,2 - 2,Real Valladolid,Empató,2,2,0
2001-09-22,Real Madrid,5 - 1,Espanyol,Ganó,5,1,4
2001-09-15,Real Betis,3 - 1,Real Madrid,Perdió,3,1,2
2001-09-08,Real Madrid,1 - 1,Málaga,Empató,1,1,0
2001-08-25,Valencia,1 - 0,Real Madrid,Perdió,1,0,1
2001-06-17,Real Madrid,2 - 1,Real Valladolid,Ganó,2,1,1
2001-06-10,Real Oviedo,1 - 1,Real Madrid,Empató,1,1,0
2001-05-26,Real Madrid,5 - 0,Deportivo Alavés,Ganó,5,0,5
2001-05-20,Rayo Vallecano,0 - 1,Real Madrid,Ganó,0,1,1
2001-05-13,Real Madrid,2 - 2,Espanyol,Empató,2,2,0
2001-05-05,Celta,3 - 0,Real Madrid,Perdió,3,0,3
2001-04-28,Real Madrid,1 - 1,Osasuna,Empató,1,1,0
2001-04-22,Real Zaragoza,2 - 3,Real Madrid,Ganó,2,3,1
2001-04-14,Real Madrid,4 - 0,Villarreal,Ganó,4,0,4
2001-04-08,Las Palmas,0 - 1,Real Madrid,Ganó,0,1,1
2001-03-31,Real Madrid,1 - 0,Numancia,Ganó,1,0,1
2001-03-18,Mallorca,1 - 0,Real Madrid,Perdió,1,0,1
2001-03-11,Real Madrid,4 - 0,R. Sociedad,Ganó,4,0,4
2001-03-03,Real Madrid,2 - 2,Barcelona,Empató,2,2,0
2001-02-24,RC Deportivo,2 - 2,Real Madrid,Empató,2,2,0
2001-02-17,Real Madrid,1 - 0,Racing,Ganó,1,0,1
2001-02-10,Athletic,1 - 0,Real Madrid,Perdió,1,0,1
2001-02-04,Real Madrid,4 - 3,Málaga,Ganó,4,3,1
2001-01-28,Valencia,0 - 1,Real Madrid,Ganó,0,1,1
2001-01-24,Real Madrid,3 - 0,Real Zaragoza,Ganó,3,0,3
2001-01-21,Real Valladolid,2 - 2,Real Madrid,Empató,2,2,0
2001-01-14,Real Madrid,4 - 0,Real Oviedo,Ganó,4,0,4
2001-01-07,Deportivo Alavés,1 - 3,Real Madrid,Ganó,1,3,2
2000-12-19,Real Madrid,3 - 1,Rayo Vallecano,Ganó,3,1,2
2000-12-16,Espanyol,1 - 2,Real Madrid,Ganó,1,2,1
2000-12-10,Real Madrid,3 - 0,Celta,Ganó,3,0,3
2000-12-02,Osasuna,2 - 3,Real Madrid,Ganó,2,3,1
2000-11-18,Villarreal,0 - 1,Real Madrid,Ganó,0,1,1
2000-11-12,Real Madrid,5 - 1,Las Palmas,Ganó,5,1,4
2000-11-04,Numancia,3 - 1,Real Madrid,Perdió,3,1,2
2000-11-01,Real Madrid,0 - 2,Mallorca,Perdió,0,2,2
2000-10-29,R. Sociedad,1 - 4,Real Madrid,Ganó,1,4,3
2000-10-21,Barcelona,2 - 0,Real Madrid,Perdió,2,0,2
2000-10-14,Real Madrid,3 - 0,RC Deportivo,Ganó,3,0,3
2000-09-30,Racing,0 - 0,Real Madrid,Empató,0,0,0
2000-09-23,Real Madrid,4 - 1,Athletic,Ganó,4,1,3
2000-09-16,Málaga,3 - 3,Real Madrid,Empató,3,3,0
2000-09-09,Real Madrid,2 - 1,Valencia,Ganó,2,1,1
